title,date,duration,yes_votes,no_votes,winners,losers,outcome
Noita Soler TI 13-37,2024-08-04 07:04:47,0 days 00:23:10,87,205,205,87,BetOutcome.LOSS
Noita Boss Rush Daily Run,2024-08-04 07:41:27,0 days 04:52:41,264,61,61,264,BetOutcome.LOSS
Noita Soler TI 13-17 5 Attempts,2024-08-04 12:51:38,0 days 00:23:08,91,149,149,91,BetOutcome.LOSS
Noita Soler TI 15-35,2024-08-08 05:58:18,0 days 00:10:04,69,133,133,69,BetOutcome.LOSS
Noita Soler TI 15-35,2024-08-08 06:34:20,0 days 00:14:42,66,171,171,66,BetOutcome.LOSS
Noita Soler TI 15-35 2 Attempts,2024-08-08 06:50:03,0 days 00:16:08,103,120,120,103,BetOutcome.LOSS
Noita Soler TI 15-35 3 Attempts,2024-08-08 07:06:24,0 days 00:28:26,110,101,110,101,BetOutcome.WIN
Noita Nightmare 7 Orb Run,2024-08-08 07:38:06,0 days 04:21:55,249,79,249,79,BetOutcome.WIN
Noita Soler TI 10-25 3 attempts,2024-08-08 12:01:13,0 days 00:19:06,54,103,103,54,BetOutcome.LOSS
Noita Soler TI 10-25,2024-08-09 06:27:38,0 days 00:13:58,63,250,250,63,BetOutcome.LOSS
Noita Soler TI 10-25,2024-08-09 07:01:13,0 days 00:21:54,59,250,250,59,BetOutcome.LOSS
Noita Soler TI 10-25 3 Attempts,2024-08-09 07:24:53,0 days 00:27:14,82,158,82,158,BetOutcome.WIN
Noita Roulette Daily Run,2024-08-09 08:13:52,0 days 06:08:46,371,44,371,44,BetOutcome.WIN
Noita Fish Quest Daily Run,2024-08-10 06:35:31,0 days 05:22:55,386,39,386,39,BetOutcome.WIN
Noita Soler TI 6 - 36,2024-08-10 12:02:09,0 days 00:15:37,51,180,51,180,BetOutcome.WIN
Noita Soler TI 1v1 12-30,2024-08-10 12:23:46,0 days 00:16:50,90,170,90,170,BetOutcome.WIN
Noita Soler TI 15-25,2024-08-16 06:23:00,0 days 00:18:42,82,216,216,82,BetOutcome.LOSS
Noita 11 Orb No Perks Daily Run,2024-08-16 07:39:49,0 days 04:10:30,319,54,319,54,BetOutcome.WIN
Noita Soler TI 13-29,2024-08-17 06:38:02,0 days 00:14:17,79,202,202,79,BetOutcome.LOSS
Noita Soler TI 13-29,2024-08-17 07:28:21,0 days 00:16:19,86,178,86,178,BetOutcome.WIN
Noita Roulette Daily Run,2024-08-17 08:00:19,0 days 05:09:36,404,33,404,33,BetOutcome.WIN
Noita Soler TI 11-23,2024-08-18 07:03:35,0 days 00:15:40,50,229,229,50,BetOutcome.LOSS
Noita Star Nursery Daily Run,2024-08-18 07:46:04,0 days 05:57:51,315,36,315,36,BetOutcome.WIN
Noita Soler TI 13-27,2024-08-18 13:50:04,0 days 00:27:19,81,167,81,167,BetOutcome.WIN
Noita Soler TI 13-27,2024-08-22 06:32:19,0 days 00:14:15,50,185,185,50,BetOutcome.LOSS
Noita No PW NG+ Gamba,2024-08-22 06:58:25,0 days 05:02:19,298,27,298,27,BetOutcome.WIN
Noita Soler TI 3-33,2024-08-22 12:03:11,0 days 00:17:12,66,178,66,178,BetOutcome.WIN
Noita All Boss Daily Run No PW,2024-08-23 06:18:21,0 days 06:38:50,339,21,339,21,BetOutcome.WIN
Noita Finding Jarate Sniper Daily Run,2024-08-24 06:29:31,0 days 01:22:48,371,30,371,30,BetOutcome.WIN
Noita Creating Fools Gold Holes,2024-08-24 08:29:42,0 days 03:28:25,274,14,274,14,BetOutcome.WIN
Noita Soler 13-37,2024-08-24 12:04:14,0 days 00:13:56,84,89,84,89,BetOutcome.WIN
Noita Soler TI 18-26,2024-08-24 12:30:06,0 days 00:10:52,96,130,130,96,BetOutcome.LOSS
Noita Midas At Home Daily Run,2024-08-29 05:23:28,0 days 05:36:59,352,22,352,22,BetOutcome.WIN
Noita Soler TI 18-26,2024-08-29 11:05:44,0 days 00:22:41,43,135,135,43,BetOutcome.LOSS
Noita Soler TI 20-30,2024-08-31 06:33:03,0 days 00:17:25,61,165,165,61,BetOutcome.LOSS
Noita Daily Run Ending With Boss Rush,2024-08-31 07:21:24,0 days 02:02:02,186,103,103,186,BetOutcome.LOSS
Noita Soler TI 20-30,2024-08-31 13:05:42,0 days 00:09:57,66,104,104,66,BetOutcome.LOSS
Noita Soler TI 21-29,2024-09-01 04:50:12,0 days 00:22:08,65,124,124,65,BetOutcome.LOSS
Noita True Invisibility Daily Run,2024-09-01 05:55:20,0 days 04:53:13,323,17,323,17,BetOutcome.WIN
Noita Soler TI 12-28,2024-09-01 10:53:30,0 days 00:20:02,56,188,188,56,BetOutcome.LOSS
Noita Soler TI 21-29,2024-09-05 06:36:42,0 days 00:04:58,70,157,157,70,BetOutcome.LOSS
Noita Perk Duping Bad Perks Daily Run,2024-09-05 07:28:20,0 days 05:47:31,323,22,323,22,BetOutcome.WIN
Noita Kidney Stone Daily Run,2024-09-06 05:49:54,0 days 05:23:01,349,17,349,17,BetOutcome.WIN
Noita Soler TI 18-25,2024-09-06 11:24:23,0 days 00:14:48,70,158,158,70,BetOutcome.LOSS
Noita Soler TI 13-34,2024-09-07 05:26:28,0 days 00:10:37,52,129,129,52,BetOutcome.LOSS
Noita Farming Health Daily Run,2024-09-07 05:54:27,0 days 01:21:53,361,23,23,361,BetOutcome.LOSS
Noita Roulette Run,2024-09-07 07:34:50,0 days 04:38:05,301,43,301,43,BetOutcome.WIN
Noita Soler TI 13-37,2024-09-08 03:59:49,0 days 00:16:34,56,125,56,125,BetOutcome.WIN
Noita Soler TI 13-37,2024-09-08 09:54:00,0 days 00:22:12,92,180,180,92,BetOutcome.LOSS
Noita Daily Run Building Complex Waypoint Wand,2024-09-13 04:47:51,0 days 07:26:52,297,47,297,47,BetOutcome.WIN
Noita Soler TI 12-24 2 Attempts,2024-09-14 04:55:30,0 days 00:25:03,74,139,74,139,BetOutcome.WIN
Noita All Boss No Payloads Daily Run,2024-09-14 05:59:52,0 days 05:38:02,350,25,350,25,BetOutcome.WIN
Noita Soler TI 13-37,2024-09-14 11:39:35,0 days 00:16:39,61,113,113,61,BetOutcome.LOSS
Noita Soler TI 12-32,2024-09-15 03:47:58,0 days 00:13:22,65,121,121,65,BetOutcome.LOSS
Noita Giga Nuke Quest Daily Run,2024-09-15 04:35:09,0 days 04:58:55,296,23,296,23,BetOutcome.WIN
Noita Soler TI 12-32,2024-09-15 09:36:29,0 days 00:18:34,63,191,191,63,BetOutcome.LOSS
Noita Soler TI 6-31,2024-09-19 04:59:07,0 days 00:10:13,51,184,184,51,BetOutcome.LOSS
Noita Infinite Healing Stone Daily Run,2024-09-19 05:19:49,0 days 06:00:12,398,35,398,35,BetOutcome.WIN
Noita Soler TI 13-31,2024-09-20 05:01:25,0 days 00:19:02,74,188,188,74,BetOutcome.LOSS
Noita Nightmare Run For Tier 10 Wand,2024-09-20 05:45:30,0 days 05:27:49,192,57,192,57,BetOutcome.WIN
Noita Soler TI 12-28,2024-09-20 11:14:16,0 days 00:26:53,63,166,166,63,BetOutcome.LOSS
Noita 1 Million Health Daily Run,2024-09-21 05:07:44,0 days 06:40:02,381,38,38,381,BetOutcome.LOSS
Noita Soler TI 8-20,2024-09-21 11:52:09,0 days 00:19:13,60,228,228,60,BetOutcome.LOSS
Noita Soler TI 15-20,2024-09-27 05:09:03,0 days 00:14:42,66,194,194,66,BetOutcome.LOSS
Noita Soler TI 9-27,2024-09-27 06:25:40,0 days 00:10:21,66,185,185,66,BetOutcome.LOSS
Noita Soler TI 9-27,2024-09-27 09:47:03,0 days 00:09:16,66,165,165,66,BetOutcome.LOSS
Noita Soler TI 13-37,2024-09-27 11:04:22,0 days 00:19:15,78,90,90,78,BetOutcome.LOSS
Noita Daily Run New Gamba +,2024-09-28 05:52:28,0 days 05:38:01,395,33,395,33,BetOutcome.WIN
Noita Soler TI 11-20 3 Attempts,2024-09-28 11:35:57,0 days 00:17:51,77,147,147,77,BetOutcome.LOSS
Noita Monster Powder Shift Daily Run,2024-09-29 05:40:53,0 days 07:13:08,355,40,355,40,BetOutcome.WIN
Noita Daily Run Sun Killing 14 Bosses,2024-10-03 06:06:37,0 days 07:07:58,295,47,295,47,BetOutcome.WIN
Noita Soler TI 18-25,2024-10-04 06:51:07,0 days 00:23:09,69,232,69,232,BetOutcome.WIN
Noita Soler TI 18-25,2024-10-04 07:56:26,0 days 00:15:58,79,195,195,79,BetOutcome.LOSS
Noita Nightmare Run Skip TWWE,2024-10-04 08:34:17,0 days 00:33:25,167,83,83,167,BetOutcome.LOSS
Noita Nightmare Run Skip Tinker Perk Attempt 2,2024-10-04 09:08:14,0 days 01:34:29,130,73,73,130,BetOutcome.LOSS
Noita Soler TI 15-20,2024-10-04 10:45:32,0 days 00:17:13,79,190,190,79,BetOutcome.LOSS
Noita Chainbolt Wisp Daily Run,2024-10-05 06:49:33,0 days 05:58:15,342,37,342,37,BetOutcome.WIN
Noita Soler TI 18-25,2024-10-05 12:53:31,0 days 00:13:31,76,179,179,76,BetOutcome.LOSS
Noita Soler TI 12-27,2024-10-10 12:00:57,0 days 00:19:33,44,128,44,128,BetOutcome.WIN
Noita Golden Statue Nugget Daily Run,2024-10-11 06:26:10,0 days 06:31:55,398,38,398,38,BetOutcome.WIN
Noita Soler TI 13-37,2024-10-12 06:09:12,0 days 00:24:38,90,177,90,177,BetOutcome.WIN
Noita Soler TI 12-27,2024-10-12 06:52:16,0 days 00:11:19,45,212,212,45,BetOutcome.LOSS
Noita ChatGPT Guided Daily Run,2024-10-12 07:38:28,0 days 02:15:57,269,47,47,269,BetOutcome.LOSS
Noita Soler TI 10-30,2024-10-12 11:47:14,0 days 00:16:43,61,192,192,61,BetOutcome.LOSS
Noita 1v1 Yolk,2024-10-13 07:18:02,0 days 00:52:41,71,182,182,71,BetOutcome.LOSS
Noita 1v1 Yolk Bingo/Lockout Rematch,2024-10-13 08:14:59,0 days 01:17:43,70,261,70,261,BetOutcome.WIN
Noita Yolk 1v1 Bingo/Lockout Rematch,2024-10-13 09:45:11,0 days 01:33:27,88,202,202,88,BetOutcome.LOSS
Noita Soler TI 5-35,2024-10-17 05:43:06,0 days 00:15:29,89,200,200,89,BetOutcome.LOSS
Noita Soler TI 5-35,2024-10-17 06:25:39,0 days 00:15:46,77,226,226,77,BetOutcome.LOSS
Noita Nightmare Run Skipping Tinker Perk,2024-10-17 06:44:50,0 days 02:50:05,148,117,148,117,BetOutcome.WIN
Noita Soler TI 5-35,2024-10-17 10:05:52,0 days 00:20:43,68,178,178,68,BetOutcome.LOSS
Noita Max Roulette Run,2024-10-18 07:38:16,0 days 05:37:18,345,57,345,57,BetOutcome.WIN
Noita Soler TI 13-37,2024-10-18 13:23:16,0 days 00:14:27,58,107,58,107,BetOutcome.WIN
Noita Soler TI 12-28,2024-10-19 07:03:23,0 days 00:19:30,60,226,60,226,BetOutcome.WIN
Noita Diminution Mist Build Daily Run,2024-10-19 08:25:17,0 days 06:11:54,349,37,349,37,BetOutcome.WIN
Noita Soler TI 12-27,2024-10-20 06:02:36,0 days 00:03:43,40,139,139,40,BetOutcome.LOSS
Noita Infinite HP No HM Daily Run,2024-10-24 07:24:42,0 days 06:06:52,297,63,297,63,BetOutcome.WIN
Noita Soler TI 10-30,2024-10-25 07:02:13,0 days 00:11:45,46,197,197,46,BetOutcome.LOSS
Noita No PW New Game++++ Daily Run,2024-10-25 07:40:20,0 days 06:13:12,304,71,304,71,BetOutcome.WIN
Noita Soler TI 12-22,2024-10-27 07:09:18,0 days 00:19:13,46,206,46,206,BetOutcome.WIN
Noita 1v1 Bingo JayToTheJee,2024-10-27 07:52:58,0 days 01:48:50,48,105,48,105,BetOutcome.WIN
Noita 1v1 Bingo JayToTheJee Game 2,2024-10-27 09:49:38,0 days 02:10:30,159,89,159,89,BetOutcome.WIN
Noita Soler TI 15-25,2024-10-27 12:57:16,0 days 00:10:40,73,205,205,73,BetOutcome.LOSS
Noita Soler TI 14-25,2024-10-27 13:13:44,0 days 00:28:11,79,188,188,79,BetOutcome.LOSS
Noita Soler TI 10-20,2024-10-31 06:21:32,0 days 00:17:34,62,246,246,62,BetOutcome.LOSS
Noita Nightmare Run Ghost Transformation,2024-10-31 08:43:32,0 days 00:23:03,196,62,62,196,BetOutcome.LOSS
Noita Nightmare Run Ghost Transformation Attempt 2,2024-10-31 09:06:51,0 days 02:01:14,175,69,69,175,BetOutcome.LOSS
Noita Soler TI 13-37,2024-10-31 11:26:36,0 days 00:30:54,124,137,124,137,BetOutcome.WIN
Noita Soler TI 10-31,2024-10-31 12:05:05,0 days 00:19:08,61,122,122,61,BetOutcome.LOSS
Noita Dark Gourd Moon Run,2024-11-01 06:34:33,0 days 01:45:30,271,39,39,271,BetOutcome.LOSS
Noita Dark Gourd Moon Run Attempt 2,2024-11-01 08:31:34,0 days 05:18:33,260,64,260,64,BetOutcome.WIN
Noita Soler TI 18-25,2024-11-02 06:54:08,0 days 00:11:14,70,201,201,70,BetOutcome.LOSS
Noita Soler TI 15-22 2 Attempts,2024-11-02 07:09:18,0 days 00:23:14,83,196,196,83,BetOutcome.LOSS
Noita Soler TI 12-24,2024-11-03 12:35:35,0 days 00:16:45,71,208,208,71,BetOutcome.LOSS
Noita All Boss Daily Run,2024-11-09 07:41:20,0 days 06:34:28,358,36,358,36,BetOutcome.WIN
Noita Soler TI 10-38,2024-11-10 07:37:47,0 days 00:19:16,75,167,167,75,BetOutcome.LOSS
Noita Worst Perks Tower Daily Run,2024-11-10 09:05:49,0 days 03:46:02,290,70,290,70,BetOutcome.WIN
Noita Soler TI 12-27,2024-11-10 13:09:26,0 days 00:25:55,60,188,188,60,BetOutcome.LOSS
Noita Soler TI 6-34,2024-11-14 08:57:27,0 days 00:24:29,52,178,178,52,BetOutcome.LOSS
Noita Lost Mages Run,2024-11-14 10:24:56,0 days 03:48:27,290,28,290,28,BetOutcome.WIN
Noita Soler TI 10-37,2024-11-15 07:53:33,0 days 00:21:01,82,186,186,82,BetOutcome.LOSS
Noita 11 Orb Run With Mandatory Spells,2024-11-15 09:12:05,0 days 03:44:10,355,44,355,44,BetOutcome.WIN
Noita Soler TI 9-22 2 Attempts,2024-11-15 13:21:14,0 days 00:27:35,63,189,189,63,BetOutcome.LOSS
Noita Soler TI 18-26,2024-11-16 07:52:56,0 days 00:08:51,52,173,173,52,BetOutcome.LOSS
Noita Max Roulette Daily Run,2024-11-16 08:48:02,0 days 04:08:25,390,41,390,41,BetOutcome.WIN
Noita Soler TI 15-39,2024-11-17 04:33:20,0 days 00:17:51,171,159,171,159,BetOutcome.WIN
Noita 10 Wins In A Row,2024-11-17 04:53:54,0 days 00:10:28,245,94,94,245,BetOutcome.LOSS
Noita 4 Minutes Or Less Win 10 attempts,2024-11-17 07:30:46,0 days 01:03:22,233,98,98,233,BetOutcome.LOSS
Noita 20 Win Streak Or More,2024-11-17 10:32:13,0 days 00:11:13,220,106,106,220,BetOutcome.LOSS
Noita Soler TI 13-37,2024-11-17 16:21:12,0 days 00:10:38,137,213,213,137,BetOutcome.LOSS
Noita Soler TI 18-25,2024-11-18 03:27:29,0 days 00:15:09,331,293,293,331,BetOutcome.LOSS
Noita Soler TI 18-25,2024-11-29 07:39:02,0 days 00:21:49,83,193,193,83,BetOutcome.LOSS
Noita Roulette Daily Run,2024-11-29 08:03:09,0 days 04:25:52,405,61,405,61,BetOutcome.WIN
Noita Daily Run Creating A Science Lab,2024-11-30 07:35:29,0 days 08:42:35,387,34,387,34,BetOutcome.WIN
Noita Soler TI 13-37,2024-12-01 05:41:48,0 days 00:15:28,62,155,155,62,BetOutcome.LOSS
Noita Soler TI 13-37,2024-12-01 06:41:10,0 days 00:19:59,68,188,68,188,BetOutcome.WIN
Noita Soler TI 13-37,2024-12-06 06:38:33,0 days 00:20:54,72,142,142,72,BetOutcome.LOSS
Noita All Boss Chaingun Daily Run,2024-12-06 07:13:25,0 days 07:00:40,321,40,321,40,BetOutcome.WIN
Noita Soler TI 8-22,2024-12-07 07:15:59,0 days 00:14:33,56,238,238,56,BetOutcome.LOSS
Noita Soler TI 13-25,2024-12-07 08:21:52,0 days 00:17:33,59,204,204,59,BetOutcome.LOSS
Noita Power Hour 7 Wins,2024-12-07 08:46:28,0 days 01:24:01,94,135,135,94,BetOutcome.LOSS
Noita Daily Run Chat Chooses Perks,2024-12-07 10:46:54,0 days 01:52:58,186,20,186,20,BetOutcome.WIN
Noita Soler TI 13-37,2024-12-08 07:51:40,0 days 00:11:58,67,137,137,67,BetOutcome.LOSS
Noita Soler TI Fish Quest 60-90,2024-12-08 09:40:26,0 days 00:47:01,58,77,77,58,BetOutcome.LOSS
Noita Soler TI 18-25,2024-12-08 12:04:13,0 days 00:17:31,59,176,176,59,BetOutcome.LOSS
Noita New Game +5 Daily Run Different Dmg Wands,2024-12-14 07:24:39,0 days 08:16:39,332,34,332,34,BetOutcome.WIN
Noita Soler TI 18-26,2024-12-15 07:55:20,0 days 00:12:59,61,186,61,186,BetOutcome.WIN
Noita Soler TI 18-25,2024-12-15 08:39:31,0 days 00:11:31,63,173,173,63,BetOutcome.LOSS
Noita Nightmare Mode Run,2024-12-15 09:13:58,0 days 00:25:19,157,61,61,157,BetOutcome.LOSS
Noita Nightmare Mode Run Attempt 2,2024-12-15 09:39:35,0 days 03:42:05,149,77,149,77,BetOutcome.WIN
Noita Soler TI 15-25,2024-12-15 13:35:45,0 days 00:13:51,62,167,167,62,BetOutcome.LOSS
Noita Soler TI 18-25,2024-12-20 07:56:41,0 days 00:12:17,56,175,175,56,BetOutcome.LOSS
Noita 3 Roll Ask The Gods Daily Run,2024-12-20 09:47:33,0 days 05:33:50,183,30,183,30,BetOutcome.WIN
Noita Glass Cannon Sun Quest Daily Run,2024-12-21 08:37:23,0 days 07:20:11,272,80,272,80,BetOutcome.WIN
Noita Power Words 10 Runs,2024-12-22 08:47:09,0 days 00:41:55,48,209,209,48,BetOutcome.LOSS
Noita Power Words 10 Runs Attempt 2,2024-12-22 09:43:40,0 days 00:30:11,54,239,239,54,BetOutcome.LOSS
Noita Power Words 15 Attempts,2024-12-22 11:46:21,0 days 00:54:59,34,158,158,34,BetOutcome.LOSS
Noita Soler TI 14-24,2024-12-22 13:26:09,0 days 00:16:12,63,201,201,63,BetOutcome.LOSS
Noita Daily Run No HM Drowning Santa,2024-12-25 08:12:09,0 days 03:46:11,378,26,378,26,BetOutcome.WIN
Noita PowerWords 7 Tries,2024-12-25 12:14:46,0 days 00:34:03,61,174,174,61,BetOutcome.LOSS
Factorio Make It To Gleba,2024-12-27 07:12:18,0 days 03:26:59,64,24,64,24,BetOutcome.WIN
Noita Soler TI 16-26,2024-12-28 09:19:59,0 days 00:14:54,57,219,219,57,BetOutcome.LOSS
Noita Power Words 10 Attempts,2024-12-28 13:30:28,0 days 00:44:08,30,152,152,30,BetOutcome.LOSS
Noita Power Words 10 Lives,2024-12-28 14:43:14,0 days 00:54:07,29,183,183,29,BetOutcome.LOSS
Noita Soler TI 12-32,2024-12-29 08:28:19,0 days 00:13:37,55,187,187,55,BetOutcome.LOSS
Noita 2024 Brainrot Run,2024-12-29 09:44:47,0 days 07:52:08,357,48,357,48,BetOutcome.WIN
Noita Soler TI 20-24,2024-12-29 17:37:20,0 days 00:08:58,73,167,167,73,BetOutcome.LOSS
Noita Soler TI 13-37,2025-01-04 06:55:33,0 days 00:16:31,65,154,154,65,BetOutcome.LOSS
Noita Power Words 10 Runs,2025-01-04 09:15:56,0 days 00:32:15,35,217,217,35,BetOutcome.LOSS
Noita Roulette Daily Run,2025-01-04 10:01:26,0 days 04:57:28,384,33,384,33,BetOutcome.WIN
Noita Soler TI 13-37,2025-01-05 07:11:23,0 days 00:08:13,54,160,160,54,BetOutcome.LOSS
Noita Creating A Dark Sun No Parallel Worlds Daily Run,2025-01-05 07:57:58,0 days 06:00:30,437,26,437,26,BetOutcome.WIN
Noita Soler TI 18-25,2025-01-10 09:02:41,0 days 00:14:39,39,180,180,39,BetOutcome.LOSS
Noita Wand Jenga Challenge,2025-01-10 10:03:43,0 days 02:04:19,254,39,39,254,BetOutcome.LOSS
Noita Soler TI 10-18,2025-01-10 12:09:40,0 days 00:18:26,79,200,200,79,BetOutcome.LOSS
Noita Soler TI 3-37,2025-01-10 14:03:51,0 days 00:09:18,78,182,182,78,BetOutcome.LOSS
Noita All Boss Avarice Diamond Daily Run,2025-01-11 07:35:26,0 days 06:35:25,353,20,353,20,BetOutcome.WIN
Noita Test Best,2025-01-11 21:18:31,0 days 00:01:13,1,2,1,2,BetOutcome.WIN
Noita Soler TI 18-26,2025-01-12 07:41:45,0 days 00:08:19,59,218,59,218,BetOutcome.WIN
Noita Soler TI 18-26,2025-01-12 08:06:31,0 days 00:19:33,112,230,230,112,BetOutcome.LOSS
Noita Nightmare 7 Orb Run,2025-01-12 08:49:37,0 days 05:01:46,213,85,213,85,BetOutcome.WIN
Noita Soler TI 19-27,2025-01-12 14:01:05,0 days 00:21:51,98,161,161,98,BetOutcome.LOSS
Noita New Game+28 Daily Run,2025-01-18 03:11:58,0 days 13:37:44,309,46,309,46,BetOutcome.WIN
Noita Soler TI 13-37,2025-01-19 09:37:07,0 days 00:16:20,53,226,226,53,BetOutcome.LOSS
Noita Music Chests Daily Run,2025-01-19 10:25:12,0 days 04:01:01,386,27,386,27,BetOutcome.WIN
Factorio Do I kill NEARBY nest before stream end?,2025-01-23 09:09:11,0 days 00:55:12,88,18,88,18,BetOutcome.WIN
Noita Ban 1 Spell Per HM Daily Run,2025-01-25 06:45:06,0 days 04:32:16,399,22,399,22,BetOutcome.WIN
Noita Soler TI 13-37,2025-01-25 12:01:22,0 days 00:18:56,40,172,40,172,BetOutcome.WIN
Noita Max Roulette Daily Run,2025-01-26 06:26:21,0 days 06:08:38,342,28,342,28,BetOutcome.WIN
Noita Soler TI 18-25,2025-01-26 12:38:51,0 days 00:14:19,67,164,164,67,BetOutcome.LOSS
Noita Soler TI 18-25,2025-01-31 08:55:25,0 days 00:22:04,68,221,68,221,BetOutcome.WIN
Noita Pacifist Daily Run,2025-01-31 10:37:39,0 days 01:00:18,176,78,176,78,BetOutcome.WIN
Noita No Gold Run,2025-01-31 11:50:10,0 days 01:07:12,147,144,144,147,BetOutcome.LOSS
Noita Soler TI 18-25,2025-02-01 10:37:57,0 days 00:21:22,74,216,74,216,BetOutcome.WIN
Noita Soler TI 18-24,2025-02-01 11:14:32,0 days 00:18:16,66,183,183,66,BetOutcome.LOSS
Noita Worst Trade Deal Daily Run,2025-02-02 07:35:49,0 days 05:15:57,388,37,37,388,BetOutcome.LOSS
Noita Soler TI 18-25,2025-02-02 13:42:26,0 days 00:15:15,84,207,207,84,BetOutcome.LOSS
Noita Soler TI 18-25,2025-02-02 14:12:36,0 days 00:14:30,94,200,200,94,BetOutcome.LOSS
ONI Building Petro Boiler,2025-02-05 09:30:01,0 days 04:09:56,91,24,91,24,BetOutcome.WIN
Noita Soler TI 12-28,2025-02-07 07:12:30,0 days 00:07:41,60,208,208,60,BetOutcome.LOSS
Noita Progress Bingo,2025-02-07 08:42:59,0 days 06:07:19,331,34,331,34,BetOutcome.WIN
Noita Power Words 4 Lives,2025-02-08 07:58:08,0 days 00:22:31,86,224,224,86,BetOutcome.LOSS
Noita Daily Roulette Run,2025-02-08 08:35:11,0 days 06:19:17,432,42,432,42,BetOutcome.WIN
Noita Soler TI 12-28,2025-02-08 14:54:59,0 days 00:14:40,77,189,77,189,BetOutcome.WIN
Noita Super Bowl Fish Quest Daily Run,2025-02-09 07:52:59,0 days 05:52:05,377,46,377,46,BetOutcome.WIN
Noita Soler TI 22-25,2025-02-09 13:49:34,0 days 00:13:48,99,172,172,99,BetOutcome.LOSS
Noita Breaking Kolmi's Heart Daily Run,2025-02-14 07:15:59,0 days 04:57:51,318,32,318,32,BetOutcome.WIN
Noita Soler TI 14-32,2025-02-15 07:52:08,0 days 00:18:12,63,188,188,63,BetOutcome.LOSS
Noita Soler TI 13-32,2025-02-15 08:21:26,0 days 00:14:31,63,199,199,63,BetOutcome.LOSS
Noita Max Roulette Daily Run,2025-02-15 08:48:18,0 days 06:27:38,422,37,422,37,BetOutcome.WIN
Noita Killing Fogotten Bosses Without The Eye,2025-02-16 07:33:31,0 days 06:23:56,438,41,438,41,BetOutcome.WIN
Noita Soler TI 12-22,2025-02-16 13:57:43,0 days 00:18:02,51,185,185,51,BetOutcome.LOSS
Noita All Bosses On Cursed Fungal Shift Run,2025-02-22 07:02:46,0 days 02:50:54,227,209,209,227,BetOutcome.LOSS
Noita Soler TI 0-45,2025-02-22 10:39:46,0 days 00:19:32,56,181,56,181,BetOutcome.WIN
Noita Soler TI 13-33,2025-02-22 11:47:53,0 days 00:23:21,74,214,214,74,BetOutcome.LOSS
Noita Daily Run,2025-02-22 12:34:42,0 days 00:42:49,234,36,234,36,BetOutcome.WIN
Noita Poly Cloud Daily Run,2025-02-23 07:45:09,0 days 07:03:27,334,35,334,35,BetOutcome.WIN
Noita Soler TI 18-25,2025-02-23 14:50:58,0 days 00:30:35,62,181,181,62,BetOutcome.LOSS
Noita Gold To Bosses Run,2025-02-28 07:54:00,0 days 05:01:04,276,39,39,276,BetOutcome.LOSS
Noita Soler TI 12-27,2025-02-28 13:16:26,0 days 00:13:06,42,175,175,42,BetOutcome.LOSS
Noita Soler TI 12-27,2025-02-28 14:11:13,0 days 00:10:17,43,169,169,43,BetOutcome.LOSS
Noita Soler TI 13-37,2025-03-01 08:31:32,0 days 00:08:05,76,179,179,76,BetOutcome.LOSS
Noita Roulette Daily Run,2025-03-01 09:05:49,0 days 05:19:52,461,44,461,44,BetOutcome.WIN
Noita Soler TI 14-27,2025-03-01 14:27:26,0 days 00:20:29,94,204,94,204,BetOutcome.WIN
Noita Power Words 10 Attempts,2025-03-02 08:05:34,0 days 00:40:47,52,248,248,52,BetOutcome.LOSS
Noita Random Start Point 11 Orb Daily Run,2025-03-02 09:22:41,0 days 00:16:09,252,68,68,252,BetOutcome.LOSS
Noita Random Start Point 11 Orb Daily Run Attempt #2,2025-03-02 09:42:31,0 days 00:24:43,197,81,81,197,BetOutcome.LOSS
Noita Random Starting Point Run Attempt #3,2025-03-02 10:14:25,0 days 00:22:13,206,115,115,206,BetOutcome.LOSS
Noita Random Starting Point Run 30 Grace Period,2025-03-02 11:05:15,0 days 00:04:30,116,147,147,116,BetOutcome.LOSS
Noita Soler TI 18-25,2025-03-02 13:53:10,0 days 00:28:17,111,189,189,111,BetOutcome.LOSS
Noita Healthium World Daily Run,2025-03-07 07:46:46,0 days 06:14:26,346,24,346,24,BetOutcome.WIN
Noita Soler TI 13-27,2025-03-08 07:04:48,0 days 00:16:18,82,249,82,249,BetOutcome.WIN
Noita Roulette + Ask The Gods Daily Run,2025-03-08 07:37:34,0 days 05:43:36,438,43,43,438,BetOutcome.LOSS
Noita Soler TI 9-11,2025-03-08 13:34:32,0 days 00:23:44,99,232,232,99,BetOutcome.LOSS
Noita Soler TI 13-27,2025-03-09 09:15:26,0 days 00:17:40,124,253,253,124,BetOutcome.LOSS
Noita Nightmare Run,2025-03-09 10:54:23,0 days 00:31:57,237,82,82,237,BetOutcome.LOSS
Noita Nightmare Run Forced Perks,2025-03-09 11:28:30,0 days 03:09:31,165,146,165,146,BetOutcome.WIN
Noita Soler TI 13-37,2025-03-09 14:47:24,0 days 00:19:59,118,156,156,118,BetOutcome.LOSS
Noita Giga Beam Daily Run,2025-03-13 06:27:26,0 days 07:07:11,366,34,366,34,BetOutcome.WIN
Noita Soler TI 18-25,2025-03-14 06:51:09,0 days 00:22:26,71,231,231,71,BetOutcome.LOSS
Noita Blood Moon Daily Run,2025-03-14 08:02:53,0 days 00:16:33,263,19,19,263,BetOutcome.LOSS
Noita Blood Moon Run,2025-03-14 08:19:47,0 days 03:55:05,349,51,349,51,BetOutcome.WIN
Noita Soler Ti 12-30,2025-03-15 05:03:20,0 days 00:33:08,74,170,170,74,BetOutcome.LOSS
Noita Soler TI 12-30,2025-03-15 05:56:15,0 days 00:20:24,71,175,175,71,BetOutcome.LOSS
Noita Max Roulette Ask The Gods Daily Run,2025-03-15 06:49:02,0 days 07:54:18,403,50,403,50,BetOutcome.WIN
Noita Power Words 10 Attempts,2025-03-16 06:57:31,0 days 00:36:49,110,253,253,110,BetOutcome.LOSS
Noita St. Patrick's Day Run,2025-03-16 08:01:56,0 days 03:53:15,408,39,408,39,BetOutcome.WIN
Noita Soler TI 18-26,2025-03-16 12:00:28,0 days 00:31:13,108,232,108,232,BetOutcome.WIN
Noita Soler TI 12-24,2025-03-21 05:58:20,0 days 00:15:14,57,197,197,57,BetOutcome.LOSS
Noita Soler TI 13-30,2025-03-22 07:34:39,0 days 00:13:28,58,202,58,202,BetOutcome.WIN
Noita No Purchases All Boss Daily Run,2025-03-22 08:27:44,0 days 05:04:25,417,49,49,417,BetOutcome.LOSS
Noita Soler TI 22-29,2025-03-23 07:00:34,0 days 00:16:56,150,161,161,150,BetOutcome.LOSS
Noita Perk Duping Daily Run,2025-03-23 07:45:14,0 days 06:05:37,415,71,415,71,BetOutcome.WIN
Noita Nightmare Run No Perks,2025-03-27 06:43:54,0 days 02:44:55,120,160,160,120,BetOutcome.LOSS
Noita Random Spawn Location Run,2025-03-27 09:58:28,0 days 00:10:11,115,104,104,115,BetOutcome.LOSS
Noita Random Spawn Location Rematch Run,2025-03-27 10:10:07,0 days 01:47:36,98,166,166,98,BetOutcome.LOSS
Noita Soler TI 13-37,2025-03-27 12:22:33,0 days 00:17:07,84,163,163,84,BetOutcome.LOSS
Noita Random Start Run,2025-03-28 06:44:47,0 days 00:19:20,178,122,122,178,BetOutcome.LOSS
Noita Random Starting Point Run Attempt 2,2025-03-28 07:04:30,0 days 01:57:25,141,158,141,158,BetOutcome.WIN
Noita Random Start Run,2025-03-28 09:20:39,0 days 00:25:31,118,131,131,118,BetOutcome.LOSS
Noita Random Spawn Run Again,2025-03-28 09:47:45,0 days 02:34:36,111,126,111,126,BetOutcome.WIN
Noita Soler TI 12-26,2025-03-28 12:35:13,0 days 00:14:55,101,211,211,101,BetOutcome.LOSS
Noita 11 Orb Crazy Shift Run DMG = Shift,2025-03-29 07:17:25,0 days 03:27:40,161,174,161,174,BetOutcome.WIN
Noita Soler TI 18-25,2025-03-29 12:05:52,0 days 00:13:46,72,178,178,72,BetOutcome.LOSS
Noita Soler TI 18-25,2025-03-29 12:48:39,0 days 00:12:33,79,176,176,79,BetOutcome.LOSS
Noita Soler TI 13-37,2025-03-30 06:22:11,0 days 00:11:42,75,173,173,75,BetOutcome.LOSS
Noita Roulette Daily Run Ask The Gods,2025-03-30 07:40:24,0 days 04:08:46,369,57,369,57,BetOutcome.WIN
Noita Soler TI 13-36,2025-03-30 12:10:25,0 days 00:16:15,86,204,204,86,BetOutcome.LOSS
Noita Medical Malpractice Daily Run,2025-04-04 07:27:54,0 days 04:51:21,432,45,432,45,BetOutcome.WIN
Noita Soler TI 18-25,2025-04-04 12:26:07,0 days 00:28:35,64,145,145,64,BetOutcome.LOSS
Noita Worst RNG Mod Run,2025-04-05 06:51:09,0 days 05:11:42,145,124,124,145,BetOutcome.LOSS
Noita Soler TI 13-37,2025-04-06 06:27:17,0 days 00:14:49,64,171,64,171,BetOutcome.WIN
Noita Soler TI 18-25,2025-04-06 06:49:36,0 days 00:18:58,62,206,206,62,BetOutcome.LOSS
Noita Gold Everywhere Daily Run,2025-04-06 07:25:34,0 days 06:24:58,488,45,488,45,BetOutcome.WIN
Noita Soler TI 12-27,2025-04-06 13:58:15,0 days 00:17:18,59,194,194,59,BetOutcome.LOSS
Noita Soler TI 12-27,2025-04-11 07:49:31,0 days 00:16:59,61,211,211,61,BetOutcome.LOSS
Noita Soler TI 10-20 2 wins in 1 hour,2025-04-11 08:49:25,0 days 01:27:00,157,80,80,157,BetOutcome.LOSS
Noita Random Spawn Mod run,2025-04-11 10:58:42,0 days 00:06:26,125,98,98,125,BetOutcome.LOSS
Noita Random Spawn Run Attempt #2,2025-04-11 11:08:14,0 days 00:09:09,126,134,134,126,BetOutcome.LOSS
Noita Random Spawn Attempt #3,2025-04-11 11:27:43,0 days 00:12:03,107,121,121,107,BetOutcome.LOSS
Noita Soler TI 13-27,2025-04-12 08:07:15,0 days 00:13:55,88,252,252,88,BetOutcome.LOSS
Noita Soler TI 13-37,2025-04-12 09:22:05,0 days 00:17:03,69,199,69,199,BetOutcome.WIN
Noita Random Spawn Run,2025-04-12 09:47:56,0 days 01:43:43,108,167,108,167,BetOutcome.WIN
Noita Soler TI 13-32,2025-04-12 12:08:13,0 days 00:15:50,84,166,84,166,BetOutcome.WIN
Noita 10 Win Streak,2025-04-13 03:09:47,0 days 01:07:58,257,88,88,257,BetOutcome.LOSS
Noita Next 5 In A Row,2025-04-13 07:01:02,0 days 00:17:36,293,80,80,293,BetOutcome.LOSS
Noita Winstreak 37 Final Win,2025-04-14 06:35:44,0 days 01:09:27,644,52,644,52,BetOutcome.WIN
Noita Easter Egg All Boss Run,2025-04-20 05:15:53,0 days 00:28:46,238,115,115,238,BetOutcome.LOSS
Noita Easter All Boss Daily Run Attempt 2,2025-04-20 05:45:09,0 days 05:30:31,366,40,366,40,BetOutcome.WIN
Noita Soler TI 18-25,2025-04-20 11:29:19,0 days 00:12:33,62,176,176,62,BetOutcome.LOSS
Factorio Aquilo Journey,2025-04-23 09:58:23,0 days 00:36:26,51,64,64,51,BetOutcome.LOSS
Noita Touch Of Grass Wisp Daily Run,2025-04-24 05:59:09,0 days 05:49:24,374,24,374,24,BetOutcome.WIN
Noita Soler TI 12-28,2025-04-24 11:49:56,0 days 00:16:44,67,154,154,67,BetOutcome.LOSS
Noita Soler TI 17-27,2025-04-25 05:15:18,0 days 00:20:50,56,184,56,184,BetOutcome.WIN
Noita Power Words 10 Attempts,2025-04-25 06:15:38,0 days 00:50:07,83,196,196,83,BetOutcome.LOSS
Noita Power Words 15 Attempts,2025-04-25 07:50:30,0 days 00:58:13,98,219,219,98,BetOutcome.LOSS
Noita Nightmare Run,2025-04-25 08:56:25,0 days 02:52:45,204,74,204,74,BetOutcome.WIN
Noita New Game + Coinflip Daily Run,2025-04-26 06:42:33,0 days 05:58:30,444,42,444,42,BetOutcome.WIN
Noita Soler TI 13-37,2025-04-27 06:03:18,0 days 00:10:46,75,192,192,75,BetOutcome.LOSS
Noita Soler TI 18-25,2025-04-27 06:57:39,0 days 00:18:29,68,234,234,68,BetOutcome.LOSS
Noita Fish Quest Daily Run,2025-04-27 07:56:54,0 days 03:53:10,423,27,423,27,BetOutcome.WIN
Factorio Aquilo Ship Undamaged,2025-04-30 12:26:46,0 days 00:10:35,44,32,44,32,BetOutcome.WIN
Noita All Enemies Glass Cannon Mod 10 Attempts,2025-05-01 06:34:07,0 days 02:12:26,102,275,102,275,BetOutcome.WIN
Noita Soler TI 18-25,2025-05-01 10:11:20,0 days 00:17:31,59,202,202,59,BetOutcome.LOSS
Noita Power Words 10 Attempts,2025-05-01 11:51:02,0 days 00:40:01,78,177,177,78,BetOutcome.LOSS
Noita All Alter Rain Daily Run,2025-05-02 06:18:59,0 days 05:10:34,414,36,414,36,BetOutcome.WIN
Noita Soler TI 13-37,2025-05-03 05:54:10,0 days 00:24:09,75,160,160,75,BetOutcome.LOSS
Noita Hitman Run,2025-05-03 07:14:30,0 days 06:36:39,442,36,442,36,BetOutcome.WIN
Noita Soler TI 10-20 6 Options 8 Attempts,2025-05-04 06:03:07,0 days 00:27:09,102,186,102,186,BetOutcome.WIN
Noita Star Wars Daily Run,2025-05-04 07:04:23,0 days 06:01:00,486,26,486,26,BetOutcome.WIN
Noita Soler TI 18-25,2025-05-09 05:22:29,0 days 00:13:58,72,196,196,72,BetOutcome.LOSS
Noita Soler TI 17-30,2025-05-09 06:06:52,0 days 00:17:55,81,176,176,81,BetOutcome.LOSS
Noita Holy Lance All Boss Run,2025-05-09 06:50:57,0 days 00:57:19,449,21,21,449,BetOutcome.LOSS
Noita Fungal Pain Run,2025-05-09 07:52:19,0 days 01:40:38,205,117,205,117,BetOutcome.WIN
Noita TI Power Hour 12-18 2 wins,2025-05-09 09:59:15,0 days 01:16:14,168,191,168,191,BetOutcome.WIN
Noita Power Words 5 Attempts,2025-05-10 06:55:43,0 days 00:17:33,120,197,197,120,BetOutcome.LOSS
Noita Power Words 5 MORE Attempts,2025-05-10 07:14:43,0 days 00:17:25,86,244,244,86,BetOutcome.LOSS
Noita Holy Lance All Boss Daily Run,2025-05-10 07:51:48,0 days 03:48:56,467,42,42,467,BetOutcome.LOSS
Noita Soler TI 12-24,2025-05-10 11:43:08,0 days 00:18:38,106,235,235,106,BetOutcome.LOSS
Noita Mother's Day Daily Run,2025-05-11 07:09:12,0 days 06:28:16,477,47,477,47,BetOutcome.WIN
Noita Soler TI 11-25,2025-05-11 13:50:43,0 days 00:16:33,68,287,287,68,BetOutcome.LOSS
Noita Soler TI 11-25,2025-05-11 14:16:35,0 days 00:13:23,81,278,278,81,BetOutcome.LOSS
Noita Soler TI 13-37,2025-05-15 06:06:49,0 days 00:14:33,56,197,56,197,BetOutcome.WIN
Noita 34 Orb Run,2025-05-15 06:37:33,0 days 07:38:25,452,51,452,51,BetOutcome.WIN
Noita Soler TI 12-24,2025-05-16 06:44:52,0 days 00:24:08,91,253,253,91,BetOutcome.LOSS
Noita Isaac Cards Mod Daily Run,2025-05-16 07:50:38,0 days 03:50:46,383,45,383,45,BetOutcome.WIN
Noita Soler TI 16-25,2025-05-16 12:01:13,0 days 00:21:45,78,224,224,78,BetOutcome.LOSS
Noita Soler TI 13-37,2025-05-17 06:53:15,0 days 00:14:08,97,212,212,97,BetOutcome.LOSS
Noita Infinite HP Daily Run,2025-05-17 07:33:34,0 days 06:32:41,546,44,546,44,BetOutcome.WIN
Noita Soler TI 18-26,2025-05-18 07:05:40,0 days 00:14:55,72,292,292,72,BetOutcome.LOSS
Noita 5 Orb Fungal Pain Mod Daily Run,2025-05-18 07:51:53,0 days 02:41:01,259,132,259,132,BetOutcome.WIN
Noita Soler TI 13-37,2025-05-18 12:07:58,0 days 00:17:03,97,268,97,268,BetOutcome.WIN
Noita Plasma Wisp Daily Run,2025-05-22 06:33:14,0 days 05:09:40,392,24,392,24,BetOutcome.WIN
Noita Soler TI 13-37,2025-05-23 06:54:22,0 days 00:10:30,88,188,188,88,BetOutcome.LOSS
Noita Starting In New Game + Daily Run,2025-05-23 08:08:48,0 days 02:00:04,192,89,89,192,BetOutcome.LOSS
Noita Power Hour 6 Wins,2025-05-23 10:19:19,0 days 01:09:43,175,87,175,87,BetOutcome.WIN
Noita Soler TI 12-24,2025-05-23 11:53:12,0 days 00:19:17,104,203,203,104,BetOutcome.LOSS
Noita 4x Enemy Speed 11 Orb Daily Run,2025-05-24 07:06:04,0 days 04:54:42,96,304,96,304,BetOutcome.WIN
Noita Soler TI 13-37,2025-05-24 12:27:12,0 days 00:15:08,122,206,122,206,BetOutcome.WIN
Noita All Boss Run,2025-05-25 06:36:46,0 days 05:40:32,479,64,479,64,BetOutcome.WIN
Noita Soler TI 17-29,2025-05-25 12:58:44,0 days 00:15:36,92,227,227,92,BetOutcome.LOSS
Noita Soler TI 17-29,2025-05-25 13:16:42,0 days 00:20:58,89,192,192,89,BetOutcome.LOSS
Noita Soler TI 13-37,2025-05-30 06:49:00,0 days 00:19:43,55,190,190,55,BetOutcome.LOSS
Noita Snow Trip Challenge Daily Run,2025-05-30 08:59:35,0 days 02:21:56,345,41,345,41,BetOutcome.WIN
Noita Soler TI 15-30,2025-05-30 11:51:07,0 days 00:18:34,66,198,198,66,BetOutcome.LOSS
Noita Soler TI 15-30,2025-05-30 12:25:28,0 days 00:19:58,83,188,188,83,BetOutcome.LOSS
Noita Nightmare 7 Orb Run,2025-05-31 06:48:14,0 days 02:09:38,216,52,52,216,BetOutcome.LOSS
Noita Random Spawn Location,2025-05-31 09:31:38,0 days 00:19:08,163,135,135,163,BetOutcome.LOSS
Noita Random Start Location Mod Again,2025-05-31 09:51:04,0 days 00:05:41,108,152,152,108,BetOutcome.LOSS
Noita Random Start Location Mod AGAIN AGAIN,2025-05-31 09:57:28,0 days 00:35:17,85,138,85,138,BetOutcome.WIN
Noita Soler TI 15-30,2025-05-31 11:40:06,0 days 00:22:46,103,200,200,103,BetOutcome.LOSS
Noita Soler TI 15-30,2025-05-31 12:14:34,0 days 00:29:26,89,225,225,89,BetOutcome.LOSS
Noita 31 Orb Daily Run,2025-06-07 06:45:43,0 days 05:41:38,481,35,481,35,BetOutcome.WIN
Noita Soler TI 18-27,2025-06-08 06:25:46,0 days 00:15:54,87,216,216,87,BetOutcome.LOSS
Noita Roulette + Ask the gods,2025-06-08 08:01:57,0 days 03:37:29,482,47,482,47,BetOutcome.WIN
Noita Soler TI 18-27,2025-06-08 11:59:43,0 days 00:19:45,76,231,76,231,BetOutcome.WIN
Factorio Traveling To Solar System Edge,2025-06-11 09:23:07,0 days 00:51:12,128,29,128,29,BetOutcome.WIN
Noita Visit The Unfinished Quest Alter,2025-06-12 07:02:50,0 days 06:04:26,380,29,380,29,BetOutcome.WIN
Noita Soler TI 16-29,2025-06-13 07:41:12,0 days 00:22:04,76,220,220,76,BetOutcome.LOSS
Noita Soler TI 16-29,2025-06-13 08:03:54,0 days 00:20:39,62,216,216,62,BetOutcome.LOSS
Noita Omega Sawblade Wisp Daily Run,2025-06-13 08:46:47,0 days 05:02:07,350,31,350,31,BetOutcome.WIN
Noita Soler TI 16-29 5 options,2025-06-14 08:48:30,0 days 00:12:21,77,169,169,77,BetOutcome.LOSS
Noita Everyone Loves Larpa 1 win in 1 hour,2025-06-14 09:53:09,0 days 01:11:02,129,86,86,129,BetOutcome.LOSS
Noita Larpa Mod Goal Vault,2025-06-14 12:06:46,0 days 00:52:04,95,111,95,111,BetOutcome.WIN
Noita Soler TI 16-32 5 Options,2025-06-15 07:05:20,0 days 00:16:59,82,226,226,82,BetOutcome.LOSS
Noita Minigun All Boss Daily Run,2025-06-15 08:06:42,0 days 03:39:27,525,36,36,525,BetOutcome.LOSS
Noita Power Hour 8 Wins,2025-06-15 12:01:34,0 days 01:12:59,180,224,224,180,BetOutcome.LOSS
Noita Soler TI 13-29.,2025-06-20 06:56:21,0 days 00:28:14,95,217,217,95,BetOutcome.LOSS
Noita Soler TI 13-29,2025-06-20 07:43:51,0 days 00:34:38,113,247,113,247,BetOutcome.WIN
Notia Power Words 11 Attempts,2025-06-20 10:12:50,0 days 00:54:37,75,240,240,75,BetOutcome.LOSS
Noita Soler TI 13-29,2025-06-20 12:20:30,0 days 00:23:09,82,186,186,82,BetOutcome.LOSS
Noita Rainbow Sun Run,2025-06-21 06:20:59,0 days 07:08:02,447,49,447,49,BetOutcome.WIN
Noita All Perk Daily Run,2025-06-22 07:09:37,0 days 06:35:57,459,58,459,58,BetOutcome.WIN
Noita Soler TI 13-32,2025-06-28 06:56:22,0 days 00:14:42,84,253,84,253,BetOutcome.WIN
Noita Soler TI 16-24,2025-06-28 08:04:21,0 days 00:15:47,83,194,194,83,BetOutcome.LOSS
Noita Nightmare Max Fungal Shifts Run,2025-06-28 08:35:23,0 days 04:52:19,195,117,195,117,BetOutcome.WIN
Noita Random Start Run,2025-06-29 07:34:34,0 days 00:16:50,164,134,134,164,BetOutcome.LOSS
Noita Random Start Run,2025-06-29 07:55:06,0 days 00:10:01,147,127,127,147,BetOutcome.LOSS
Noita Gourd Moon Daily Run No Triggers Or Timers Allowed,2025-06-29 08:39:05,0 days 05:19:08,448,63,448,63,BetOutcome.WIN
Enter The Gungeon Final Boss,2025-07-02 11:38:02,0 days 00:15:34,150,45,150,45,BetOutcome.WIN
Noita Apotheosis Downunder Run (World is flipped),2025-07-03 07:29:12,0 days 04:09:23,266,95,266,95,BetOutcome.WIN
Noita Soler TI 13-37,2025-07-03 12:25:00,0 days 00:23:53,93,183,183,93,BetOutcome.LOSS
Noita Soler TI 13-37,2025-07-03 13:08:27,0 days 00:14:32,91,157,91,157,BetOutcome.WIN
Noita Soler TI 14-27,2025-07-04 08:08:59,0 days 00:18:08,61,205,205,61,BetOutcome.LOSS
Noita Wisp Firework Daily Run,2025-07-04 08:54:54,0 days 05:10:05,384,28,384,28,BetOutcome.WIN
Noita Greed Dice Greater Trasure Chest Run,2025-07-05 07:13:42,0 days 07:11:20,447,53,447,53,BetOutcome.WIN
Noita Soler TI 13-33,2025-07-06 07:00:06,0 days 00:08:21,80,230,230,80,BetOutcome.LOSS
Noita Soler TI 13-33,2025-07-06 08:08:30,0 days 00:14:33,65,208,65,208,BetOutcome.WIN
Noita Requirements Spells Build Daily Run,2025-07-06 08:42:04,0 days 03:29:56,464,46,464,46,BetOutcome.WIN
Gungeon No Hit First Boss,2025-07-09 12:18:42,0 days 00:06:35,68,80,80,68,BetOutcome.LOSS
Noita Soler TI 13-37,2025-07-10 07:56:12,0 days 00:22:15,93,237,93,237,BetOutcome.WIN
Noita Educational Fungal Shifts Daily Run,2025-07-10 08:56:27,0 days 02:53:05,376,31,376,31,BetOutcome.WIN
Noita 11 Orb No Flask Daily Run,2025-07-11 07:05:01,0 days 04:28:19,407,46,407,46,BetOutcome.WIN
Noita Soler TI 12-31,2025-07-11 12:03:08,0 days 00:21:51,63,202,202,63,BetOutcome.LOSS
Noita Soler TI 12-31,2025-07-11 12:44:10,0 days 00:16:11,42,180,180,42,BetOutcome.LOSS
Noita Soler TI 18-27,2025-07-12 06:54:32,0 days 00:19:23,67,240,240,67,BetOutcome.LOSS
Noita Sun Quest Daily Run,2025-07-12 08:02:27,0 days 05:18:22,451,35,451,35,BetOutcome.WIN
Noita Power Words 10 Attempts,2025-07-13 06:05:50,0 days 00:52:27,89,269,269,89,BetOutcome.LOSS
Noita Hunting 12 Unique Wands On Daily Run,2025-07-13 07:38:38,0 days 05:59:04,471,32,471,32,BetOutcome.WIN
Noita Soler TI 14-28,2025-07-13 13:55:24,0 days 00:16:20,42,163,163,42,BetOutcome.LOSS
Enter The Gungeon No Hit 1st Boss,2025-07-16 06:46:33,0 days 00:09:36,62,91,91,62,BetOutcome.LOSS
Enter The Gungeon Dragun Boss Kill,2025-07-16 13:24:51,0 days 00:08:48,152,22,22,152,BetOutcome.LOSS
Noita Roulette And Ask The Gods Daily Run,2025-07-18 06:47:07,0 days 04:03:19,443,31,443,31,BetOutcome.WIN
Noita Soler TI 12-20 3 Attempts,2025-07-18 11:35:32,0 days 00:33:50,85,178,85,178,BetOutcome.WIN
Noita 34 Orb Daily Run Without NG+,2025-07-19 07:13:55,0 days 08:25:36,535,44,535,44,BetOutcome.WIN
Noita Soler TI 14-27,2025-07-20 08:41:43,0 days 00:17:33,90,272,272,90,BetOutcome.LOSS
Noita No Wands Run 3 Attempts,2025-07-20 09:40:41,0 days 00:40:08,223,86,223,86,BetOutcome.WIN
Noita Power Words 6 Attempts,2025-07-20 11:14:09,0 days 00:34:46,131,155,155,131,BetOutcome.LOSS
Gungeon 1st Boss No Hit,2025-07-24 06:20:57,0 days 00:08:57,55,91,91,55,BetOutcome.LOSS
Gungeon Dragun Boss Fight,2025-07-24 08:36:58,0 days 00:09:26,123,29,123,29,BetOutcome.WIN
Gungeon Dragun Kill,2025-07-24 11:42:49,0 days 00:09:50,110,24,110,24,BetOutcome.WIN
Gungeon No Hit First Boss,2025-07-25 06:40:44,0 days 00:15:42,65,95,95,65,BetOutcome.LOSS
Gungeon Convict Past Kill,2025-07-25 08:52:13,0 days 00:10:46,169,26,169,26,BetOutcome.WIN
Gungeon First Boss No Hit,2025-07-25 09:23:39,0 days 00:07:09,71,48,71,48,BetOutcome.WIN
Gungeon Pilot Past Kill,2025-07-25 10:51:07,0 days 00:18:53,153,31,153,31,BetOutcome.WIN
Noita Lucky 7 Daily Run,2025-07-26 07:51:18,0 days 07:03:41,504,33,504,33,BetOutcome.WIN
Noita 11 Orb Bleeding Healthium Daily Run,2025-07-27 08:07:35,0 days 06:23:19,497,35,497,35,BetOutcome.WIN
Gungeon Dragun Boss Fight,2025-07-30 08:14:04,0 days 00:13:18,62,47,47,62,BetOutcome.LOSS
Gungeon Rat Boss,2025-07-30 12:27:14,0 days 00:06:58,69,70,70,69,BetOutcome.LOSS
Noita Soler TI 14-27,2025-07-31 07:50:56,0 days 00:32:19,75,246,246,75,BetOutcome.LOSS
Noita Nightmare Run Win,2025-07-31 08:57:06,0 days 00:20:35,211,60,60,211,BetOutcome.LOSS
Noita Nightmare Run Attempt 2,2025-07-31 09:20:43,0 days 00:13:59,179,58,58,179,BetOutcome.LOSS
Noita Small Range Roulette Daily Run,2025-07-31 11:06:41,0 days 01:57:04,327,33,327,33,BetOutcome.WIN
Noita Soler TI 18-27 5 Options,2025-08-01 07:53:10,0 days 00:13:24,84,221,221,84,BetOutcome.LOSS
Noita Nightmare Run,2025-08-01 08:21:53,0 days 02:24:44,206,144,206,144,BetOutcome.WIN
Noita Finding All 18 Unique Wands Run,2025-08-02 04:13:44,0 days 14:32:17,895,66,895,66,BetOutcome.WIN
Gungeon Lich Boss Kill,2025-08-07 08:03:56,0 days 00:10:56,80,82,80,82,BetOutcome.WIN
Gungeon Crest Delivery,2025-08-07 08:52:45,0 days 00:06:08,36,79,79,36,BetOutcome.LOSS
Gungeon Gunslinger Unlock,2025-08-07 10:24:37,0 days 00:08:51,185,17,185,17,BetOutcome.WIN
Noita Soler TI 18-27,2025-08-08 07:26:34,0 days 00:20:18,80,233,80,233,BetOutcome.WIN
Noita IndoorCat Cursed Seed Run,2025-08-08 08:36:17,0 days 01:36:27,313,107,107,313,BetOutcome.LOSS
Noita Soler TI 18-27,2025-08-08 12:02:05,0 days 00:16:24,72,196,196,72,BetOutcome.LOSS
Noita Cursed Seed 11 Orb Attempt 2,2025-08-09 06:37:17,0 days 01:22:30,250,125,125,250,BetOutcome.LOSS
Noita Evil Seed Run,2025-08-09 08:16:13,0 days 04:37:51,178,194,178,194,BetOutcome.WIN
Noita Soler TI 13-30,2025-08-10 07:12:12,0 days 00:19:13,107,279,279,107,BetOutcome.LOSS
Noita Soler TI 13-30,2025-08-10 07:47:58,0 days 00:18:31,84,264,264,84,BetOutcome.LOSS
Noita Daily Practice Run,2025-08-10 08:15:10,0 days 00:51:44,240,52,240,52,BetOutcome.WIN
Noita Power Hour 7 Wins,2025-08-10 09:24:44,0 days 01:19:52,135,197,135,197,BetOutcome.WIN
Noita Soler TI 20-30,2025-08-10 11:53:03,0 days 00:17:28,90,227,227,90,BetOutcome.LOSS
Gungeon Robot Past Kill,2025-08-13 11:44:18,0 days 00:09:04,84,54,84,54,BetOutcome.WIN
Project Fleet High Score 30k+,2025-08-14 10:04:47,0 days 00:24:37,34,56,56,34,BetOutcome.LOSS
Noita All Boss Daily Run,2025-08-15 05:17:40,0 days 04:26:35,393,25,393,25,BetOutcome.WIN
Noita Daily Practice Run,2025-08-15 09:58:40,0 days 00:17:19,124,109,109,124,BetOutcome.LOSS
Noita Soler TI 13-26,2025-08-15 11:12:52,0 days 00:14:56,70,212,212,70,BetOutcome.LOSS
Noita Giga Nuke Unlock Daily Run,2025-08-16 06:09:11,0 days 06:07:38,380,24,380,24,BetOutcome.WIN
Noita Power Words 1 Hour,2025-08-17 06:12:16,0 days 01:11:52,53,228,228,53,BetOutcome.LOSS
Noita Daily Run Building A Pollen Engine,2025-08-17 08:25:45,0 days 06:39:54,513,32,513,32,BetOutcome.WIN
Enter The Gungeon No Hit First Boss,2025-08-20 11:16:38,0 days 00:03:52,50,57,57,50,BetOutcome.LOSS
Noita Deathium Fungal Shift Daily Run,2025-08-22 06:42:16,0 days 05:38:45,264,78,264,78,BetOutcome.WIN
Noita Random Spawn Start Basic Win,2025-08-23 05:34:19,0 days 00:17:56,153,90,90,153,BetOutcome.LOSS
Noita Random Spawn Basic Win,2025-08-23 06:09:55,0 days 00:15:01,121,83,83,121,BetOutcome.LOSS
Noita Fungal Pain All Boss Daily Run,2025-08-23 06:35:15,0 days 03:59:31,191,122,122,191,BetOutcome.LOSS
Noita Soler TI 13-37,2025-08-23 10:51:47,0 days 00:18:31,76,174,174,76,BetOutcome.LOSS
Noita Soler TI 18-27,2025-08-24 05:19:21,0 days 00:09:55,75,204,204,75,BetOutcome.LOSS
Noita Soler TI 18-27,2025-08-24 05:44:22,0 days 00:18:07,89,205,205,89,BetOutcome.LOSS
Noita Urine Trouble Daily Run,2025-08-24 06:33:05,0 days 04:56:06,517,40,517,40,BetOutcome.WIN
Noita Soler TI 13-37,2025-08-24 11:32:07,0 days 00:27:13,115,186,186,115,BetOutcome.LOSS
Enter The Gungeon Pilot Alt Past Kill,2025-08-27 07:22:11,0 days 00:08:49,142,12,142,12,BetOutcome.WIN
Enter The Gungeon Beat Phase 2 Rat,2025-08-27 11:00:01,0 days 00:07:53,123,15,123,15,BetOutcome.WIN
Noita Daily Practice No Wand Start,2025-08-28 06:20:18,0 days 01:17:59,229,26,229,26,BetOutcome.WIN
Noita Roulette Daily Run,2025-08-28 08:10:31,0 days 04:05:59,363,29,363,29,BetOutcome.WIN
Noita Soler TI 16-28,2025-08-28 12:37:28,0 days 00:13:18,59,213,213,59,BetOutcome.LOSS
Noita Soler TI 16-28,2025-08-28 12:54:13,0 days 00:12:19,66,205,205,66,BetOutcome.LOSS
Noita Hunting For Green Large Golden Idol,2025-08-29 09:14:34,0 days 02:02:14,287,27,287,27,BetOutcome.WIN
Noita Soler TI 18-25,2025-08-29 11:40:29,0 days 00:14:40,79,186,186,79,BetOutcome.LOSS
Noita Soler TI 13-37,2025-08-30 06:56:35,0 days 00:16:08,75,224,224,75,BetOutcome.LOSS
Noita Fresh File All Boss Run,2025-08-30 07:35:18,0 days 05:07:27,505,42,505,42,BetOutcome.WIN
Noita Weakening Mage Trick Daily Run,2025-08-31 06:04:35,0 days 05:29:31,461,36,461,36,BetOutcome.WIN
Noita Soler TI 13-28,2025-08-31 11:42:32,0 days 00:18:56,79,203,203,79,BetOutcome.LOSS
Gungeon No Hit Chamber 3 Boss,2025-09-04 07:17:30,0 days 00:10:44,34,105,105,34,BetOutcome.LOSS
Gungeon No Hit First Boss,2025-09-04 09:09:31,0 days 00:12:18,47,41,47,41,BetOutcome.WIN
Gungeon Gun Game 3 out of 4,2025-09-04 10:00:10,0 days 00:10:16,34,43,43,34,BetOutcome.LOSS
Noita Soler TI 13-37,2025-09-05 07:34:16,0 days 00:17:12,69,228,69,228,BetOutcome.WIN
Noita Soler TI 13-30,2025-09-05 08:20:05,0 days 00:19:14,58,203,203,58,BetOutcome.LOSS
Noita Chat Chooses Spells Daily Run 11 Orbs,2025-09-05 09:20:13,0 days 04:59:10,308,34,308,34,BetOutcome.WIN
Noita Soler TI 12-27,2025-09-06 07:14:09,0 days 00:13:00,62,220,220,62,BetOutcome.LOSS
Noita 10 Dice Daily Run NG+++,2025-09-06 07:48:51,0 days 04:59:04,452,40,40,452,BetOutcome.LOSS
Noita Soler TI 13-37,2025-09-07 07:31:46,0 days 00:11:59,85,189,189,85,BetOutcome.LOSS
Noita 10 Dice Run NG+++,2025-09-07 08:14:11,0 days 05:08:45,381,75,381,75,BetOutcome.WIN
Noita Soler TI 12-27,2025-09-07 13:26:05,0 days 00:19:51,72,248,248,72,BetOutcome.LOSS
Gungeon Crest Shield Quest,2025-09-10 07:00:41,0 days 00:05:09,56,59,59,56,BetOutcome.LOSS
Gungeon Rat Boss Kill,2025-09-10 07:42:36,0 days 00:14:21,73,86,86,73,BetOutcome.LOSS
Gungeon Beat Phase 2 Rat Boss,2025-09-10 09:21:34,0 days 00:22:50,108,46,46,108,BetOutcome.LOSS
Noita Soler TI 13-37,2025-09-11 06:39:08,0 days 00:19:00,65,209,209,65,BetOutcome.LOSS
Noita No Hit No Gold Run 3 + Attempts,2025-09-11 07:23:53,0 days 00:54:24,87,172,172,87,BetOutcome.LOSS
Noita Starting In New Game + Run,2025-09-11 08:44:03,0 days 01:56:20,92,60,92,60,BetOutcome.WIN
Power Words 1 hour,2025-09-11 11:02:14,0 days 01:17:07,79,197,197,79,BetOutcome.LOSS
Noita Explosive Wisp Daily Run,2025-09-12 07:01:59,0 days 06:19:10,396,30,396,30,BetOutcome.WIN
Noita Power Words 1 hour,2025-09-13 07:20:30,0 days 01:14:25,61,246,246,61,BetOutcome.LOSS
Noita Random Start Location Run,2025-09-13 09:11:31,0 days 00:14:41,140,89,89,140,BetOutcome.LOSS
Noita Random Start Location Again,2025-09-13 09:28:44,0 days 00:54:01,108,116,116,108,BetOutcome.LOSS
Noita Fungal Pain Daily Run,2025-09-13 10:54:34,0 days 01:40:49,270,48,270,48,BetOutcome.WIN
Noita Supernova Daily Run,2025-09-14 06:10:57,0 days 06:27:03,463,35,463,35,BetOutcome.WIN
Gungeon Punch Out Rat Boss,2025-09-18 08:12:07,0 days 00:11:09,90,26,90,26,BetOutcome.WIN
Gungeon Beat Punch Out Rat,2025-09-18 08:27:05,0 days 00:05:49,41,61,61,41,BetOutcome.LOSS
Gungeon Bullet Past Kill,2025-09-18 09:19:20,0 days 00:17:43,64,42,64,42,BetOutcome.WIN
Gungeon Rat Boss Full Fight,2025-09-18 12:09:48,0 days 00:17:18,44,114,114,44,BetOutcome.LOSS
Noita Pillar Roulette Daily Run,2025-09-19 06:56:16,0 days 06:24:11,290,38,290,38,BetOutcome.WIN
Noita Nightmare + Fungal Pain Run,2025-09-20 07:11:18,0 days 02:53:09,119,165,119,165,BetOutcome.WIN
Noita Power Hour 7 Wins,2025-09-20 10:21:26,0 days 01:11:26,134,111,134,111,BetOutcome.WIN
Noita Soler TI 13-28,2025-09-20 12:21:11,0 days 00:35:16,66,225,225,66,BetOutcome.LOSS
Noita Soler TI 15-30,2025-09-21 06:55:16,0 days 00:27:43,67,245,245,67,BetOutcome.LOSS
Noita Roulette Daily Run + 2 Ask The Gods,2025-09-21 07:53:19,0 days 05:52:40,476,35,476,35,BetOutcome.WIN
Silksong Bell Beast 1 Attempt,2025-09-24 07:30:15,0 days 00:06:42,61,91,91,61,BetOutcome.LOSS
Silksong Savage Beastfly 5 Attempts,2025-09-24 11:35:30,0 days 00:19:01,51,81,81,51,BetOutcome.LOSS
Noita Soler TI 13-37,2025-09-25 06:09:42,0 days 00:26:15,49,219,49,219,BetOutcome.WIN
Noita Gold Is DEATH 5 Attempts + coinflip,2025-09-25 07:14:33,0 days 00:28:06,83,173,173,83,BetOutcome.LOSS
Noita Power Words 1 hour,2025-09-25 08:35:01,0 days 01:31:25,49,195,49,195,BetOutcome.WIN
Noita Soler TI 12-20,2025-09-25 11:23:28,0 days 00:15:18,60,196,196,60,BetOutcome.LOSS
Noita Inventory Filled Daily Run,2025-09-26 08:10:44,0 days 04:21:04,409,38,409,38,BetOutcome.WIN
Noita Soler TI 14-31,2025-09-26 13:11:13,0 days 00:26:39,54,191,191,54,BetOutcome.LOSS
Noita Soler TI 12-27,2025-09-27 09:26:47,0 days 00:22:45,92,252,252,92,BetOutcome.LOSS
Noita Soler TI 13-37,2025-09-28 07:10:18,0 days 00:25:05,51,229,229,51,BetOutcome.LOSS
Noita Material And Creature Collection Daily Run,2025-09-28 08:25:27,0 days 08:53:59,490,42,490,42,BetOutcome.WIN
Silksong Sister Splinter 2 Attempts,2025-10-02 07:48:38,0 days 00:07:37,41,65,41,65,BetOutcome.WIN
Noita Soler TI 13-37,2025-10-03 07:38:13,0 days 00:27:40,66,222,222,66,BetOutcome.LOSS
Noita Creating A Perpetual Gold Machine Daily Run,2025-10-03 08:18:54,0 days 05:26:31,415,37,415,37,BetOutcome.WIN
Noita Used Wand Salesman Daily Run,2025-10-04 07:18:44,0 days 05:54:13,531,32,531,32,BetOutcome.WIN
Noita Soler TI 15-30,2025-10-04 13:32:43,0 days 00:10:43,50,189,189,50,BetOutcome.LOSS
Noita Soler TI 10-30,2025-10-05 08:25:58,0 days 00:14:16,62,231,62,231,BetOutcome.WIN
Noita Pillar Roulette Daily Run,2025-10-05 09:11:20,0 days 05:22:56,398,43,398,43,BetOutcome.WIN
Silksong Phantom Boss 3 Attempts,2025-10-08 07:23:12,0 days 00:14:05,65,77,77,65,BetOutcome.LOSS
Silksong Judge Boss 10 Attempts,2025-10-08 09:59:28,0 days 00:30:32,58,39,39,58,BetOutcome.LOSS
Noita Microplastics Daily Run,2025-10-09 06:19:16,0 days 06:38:35,450,32,450,32,BetOutcome.WIN
Noita Soler TI 18-26,2025-10-12 06:22:07,0 days 00:12:49,39,261,261,39,BetOutcome.LOSS
Noita Drown The World + Fish Quest Daily Run,2025-10-12 07:31:39,0 days 03:36:02,483,24,483,24,BetOutcome.WIN
Noita Soler TI 18-26,2025-10-12 11:33:10,0 days 00:13:57,54,213,54,213,BetOutcome.WIN
Noita Soler TI 18-26,2025-10-12 12:05:04,0 days 00:19:39,55,226,226,55,BetOutcome.LOSS
Silksong Savage Beastfly 2 Boss 10 Attempts,2025-10-15 09:02:50,0 days 00:14:57,54,41,54,41,BetOutcome.WIN
Noita Soler TI 18-26,2025-10-16 07:34:50,0 days 00:17:42,55,206,206,55,BetOutcome.LOSS
Noita Levitation Killer Daily Run,2025-10-16 08:38:25,0 days 04:04:17,332,18,332,18,BetOutcome.WIN
Noita Soler TI 18-26,2025-10-16 12:56:45,0 days 00:21:43,46,185,46,185,BetOutcome.WIN
Noita No HM Dark Sun Daily Run,2025-10-17 07:04:23,0 days 06:33:11,342,32,342,32,BetOutcome.WIN
Noita Soler TI 18-26,2025-10-18 07:37:54,0 days 00:33:06,54,242,242,54,BetOutcome.LOSS
Noita Altar Rain With Fungal Pain Daily Run,2025-10-18 08:21:37,0 days 05:18:30,363,46,363,46,BetOutcome.WIN
Noita Ethical Tower Daily Run,2025-10-19 08:46:39,0 days 03:47:55,517,26,517,26,BetOutcome.WIN
Noita Soler TI 10-25,2025-10-19 12:55:26,0 days 00:16:31,65,231,231,65,BetOutcome.LOSS
Silksong Groal Boss 3 Attempts,2025-10-23 07:27:54,0 days 00:26:09,43,78,78,43,BetOutcome.LOSS
Silksong First Sinner 10 Attempts,2025-10-23 09:49:00,0 days 00:36:10,32,49,32,49,BetOutcome.WIN
Noita Soler TI 13-37,2025-10-24 07:37:20,0 days 00:30:50,65,192,192,65,BetOutcome.LOSS
Noita Lightning Build Daily Run,2025-10-24 09:17:00,0 days 03:07:48,415,22,415,22,BetOutcome.WIN
Noita Soler TI 11-29,2025-10-24 13:12:57,0 days 00:15:57,33,154,154,33,BetOutcome.LOSS
Noita Creating The Void Tannerkivi Daily Run,2025-10-25 08:08:11,0 days 05:40:48,458,20,458,20,BetOutcome.WIN
Noita Soler TI 13-37,2025-10-26 07:29:28,0 days 00:20:11,70,256,70,256,BetOutcome.WIN
Noita Random Starting Location Run,2025-10-26 08:32:42,0 days 00:13:52,140,115,115,140,BetOutcome.LOSS
Noita Random Starting Location,2025-10-26 08:50:50,0 days 00:30:56,145,139,139,145,BetOutcome.LOSS
Noita Random Starting Location Run AGAIN,2025-10-26 09:33:05,0 days 01:35:51,146,107,146,107,BetOutcome.WIN
Noita TI 25-45 With Fungal Pain,2025-10-26 12:09:04,0 days 00:23:16,56,223,223,56,BetOutcome.LOSS
Silksong Rasher Delivery Quest,2025-10-29 08:43:08,0 days 00:13:32,36,53,53,36,BetOutcome.LOSS
Noita Nightmare All Boss All Orbs Run,2025-10-30 07:18:19,0 days 00:31:07,229,80,80,229,BetOutcome.LOSS
Noita Nightmare All Boss All Orbs Run AGAIN,2025-10-30 07:55:44,0 days 01:48:01,152,73,73,152,BetOutcome.LOSS
Noita Random Starting Location Run,2025-10-30 10:08:47,0 days 00:17:42,111,133,133,111,BetOutcome.LOSS
Noita Random Starting Location Run,2025-10-30 10:47:16,0 days 00:17:07,114,143,143,114,BetOutcome.LOSS
Noita Soler TI 13-37,2025-10-30 12:17:33,0 days 00:24:25,90,181,181,90,BetOutcome.LOSS
Noita Soler TI 10-31,2025-10-31 08:03:40,0 days 00:21:03,102,224,224,102,BetOutcome.LOSS
Noita Unofficial Halloween Daily Run,2025-10-31 08:50:02,0 days 00:42:16,326,49,49,326,BetOutcome.LOSS
Noita Unofficial Halloween Run Again,2025-10-31 09:36:57,0 days 06:07:51,336,63,336,63,BetOutcome.WIN
Noita Heart Mimic Resurrection Daily Run,2025-11-01 07:57:33,0 days 04:36:09,471,44,471,44,BetOutcome.WIN
Noita Soler TI 13-35,2025-11-02 07:19:53,0 days 00:21:17,66,245,66,245,BetOutcome.WIN
Noita Soler TI 10-20 3 Attempts,2025-11-02 08:25:22,0 days 00:26:59,89,246,246,89,BetOutcome.LOSS
Noita Everyone Loves Larpa Modded Run 10 Attempts,2025-11-02 09:29:22,0 days 01:01:30,185,203,185,203,BetOutcome.WIN
Noita Roulette Daily Run,2025-11-02 10:37:39,0 days 02:53:26,423,54,423,54,BetOutcome.WIN
Noita Soler TI 14-27,2025-11-02 13:35:41,0 days 00:31:50,74,198,198,74,BetOutcome.LOSS
Noita Soler TI 14-27 Again,2025-11-02 14:10:25,0 days 00:20:43,91,219,219,91,BetOutcome.LOSS
Silksong GMS Twisted Child 5 Attempts,2025-11-05 09:53:13,0 days 00:21:57,49,76,76,49,BetOutcome.LOSS
Noita Deathpath Daily Run,2025-11-06 09:09:13,0 days 04:25:42,397,50,397,50,BetOutcome.WIN
Noita TI + Fungal Pain 20-40,2025-11-06 14:17:03,0 days 00:17:41,56,195,195,56,BetOutcome.LOSS
Noita Nightmare Run,2025-11-07 08:19:40,0 days 02:24:08,177,86,177,86,BetOutcome.WIN
Noita Daily Run Roulette,2025-11-07 11:04:59,0 days 02:48:48,346,37,346,37,BetOutcome.WIN
Noita Golden Wisp Daily Run,2025-11-08 08:50:13,0 days 05:56:08,575,53,575,53,BetOutcome.WIN
Noita Soler TI 13-37,2025-11-09 09:20:55,0 days 00:26:53,76,293,293,76,BetOutcome.LOSS
Noita True Infinity Health Daily Run,2025-11-09 10:32:12,0 days 07:25:54,507,38,507,38,BetOutcome.WIN
Silksong The Unraveled Boss 2 Attempts,2025-11-12 12:11:27,0 days 00:12:57,35,45,45,35,BetOutcome.LOSS
Noita Soler TI 13-37 2 Attempts,2025-11-14 08:28:24,0 days 00:29:56,48,169,48,169,BetOutcome.WIN
Noita 11 Orb Daily Run,2025-11-14 09:30:46,0 days 03:41:48,466,45,466,45,BetOutcome.WIN
Noita Power Words 1 Hour,2025-11-15 08:32:48,0 days 01:47:34,76,221,221,76,BetOutcome.LOSS
Noita Pickled Kolmi Daily Run,2025-11-15 10:45:38,0 days 03:12:48,489,25,489,25,BetOutcome.WIN
Noita Nightmare Run,2025-11-16 08:44:12,0 days 03:32:52,263,75,263,75,BetOutcome.WIN
Noita Soler TI 13-37,2025-11-16 13:39:16,0 days 00:27:05,67,216,216,67,BetOutcome.LOSS
Silksong GMS Boss Fight 1 Attempt,2025-11-19 08:47:51,0 days 00:12:24,27,70,27,70,BetOutcome.WIN
Silksong Tormented Trobbio 3 Attempts,2025-11-19 12:01:46,0 days 00:09:57,59,31,31,59,BetOutcome.LOSS
Noita Oiled Up Heretic Daily Run,2025-11-20 09:14:32,0 days 05:35:45,477,39,477,39,BetOutcome.WIN
Noita Soler TI 18-27,2025-11-20 15:03:18,0 days 00:21:54,53,179,179,53,BetOutcome.LOSS
Noita Finding The Eyes Run,2025-11-21 09:09:58,0 days 05:20:06,492,34,492,34,BetOutcome.WIN
Noita Soler TI 10-30,2025-11-22 08:44:33,0 days 00:18:56,46,238,238,46,BetOutcome.LOSS
Noita Nightmare Run,2025-11-22 10:06:54,0 days 04:04:51,225,45,225,45,BetOutcome.WIN
Noita Power Words 1 hour,2025-11-23 09:42:29,0 days 01:46:50,80,255,255,80,BetOutcome.LOSS
Noita Fungal Pain + Swapped Materials NG+ Daily Run,2025-11-23 12:11:28,0 days 03:10:35,293,45,293,45,BetOutcome.WIN
Silksong Flea Dodge Greater Than 65,2025-11-26 09:20:46,0 days 00:07:38,22,68,68,22,BetOutcome.LOSS
Silksong Clover Dancers 3 Attempts,2025-11-26 12:05:54,0 days 00:13:04,36,28,36,28,BetOutcome.WIN
Noita 34 Orb Daily Run,2025-11-27 09:30:20,0 days 07:28:57,467,24,467,24,BetOutcome.WIN
Noita Killing Kolmi By Overeating Daily Run,2025-11-28 09:31:57,0 days 03:33:22,450,23,450,23,BetOutcome.WIN
Noita Soler TI 11-28,2025-11-28 13:06:53,0 days 00:22:51,51,240,240,51,BetOutcome.LOSS
Noita 11 Orb Daily Run,2025-11-29 11:07:27,0 days 03:41:09,382,21,382,21,BetOutcome.WIN
Noita Soler TI 10-20 3 Attempts,2025-11-30 09:28:51,0 days 00:42:14,53,235,235,53,BetOutcome.LOSS
Noita Roulette Glittering Build Run,2025-11-30 11:35:50,0 days 04:00:32,595,29,595,29,BetOutcome.WIN
Silksong Karmelita 5 Attempts,2025-12-03 10:37:03,0 days 00:25:50,39,29,29,39,BetOutcome.LOSS
Silksong Lost Lace 45 Minutes,2025-12-03 13:35:37,0 days 01:03:49,58,28,58,28,BetOutcome.WIN
Noita Soler TI 13-37,2025-12-04 10:14:36,0 days 00:20:58,68,228,68,228,BetOutcome.WIN
Noita Mole Build Daily Run,2025-12-04 10:58:39,0 days 03:57:51,435,24,24,435,BetOutcome.LOSS
Noita Soler TI 13-30,2025-12-04 15:18:31,0 days 00:08:45,95,176,176,95,BetOutcome.LOSS
Noita Soler TI 15-30,2025-12-05 09:47:16,0 days 00:18:15,101,273,273,101,BetOutcome.LOSS
Noita Killing Kolmi With Flum Daily Run,2025-12-05 10:41:09,0 days 04:08:34,464,47,464,47,BetOutcome.WIN
Noita All Gods Messages Event Run Attempt 1,2025-12-06 06:06:55,0 days 14:45:33,526,37,526,37,BetOutcome.WIN
Enter the Gungeon Rat Boss 2 Phases,2025-12-10 09:24:24,0 days 00:13:20,71,64,64,71,BetOutcome.LOSS
Enter The Gungeon Crest Quest,2025-12-10 10:21:49,0 days 00:06:34,37,74,37,74,BetOutcome.WIN
Enter the Gungeon 2 Rat Boss Phases,2025-12-10 11:45:57,0 days 00:10:21,126,23,126,23,BetOutcome.WIN
Noita Roulette Daily Run,2025-12-11 10:21:26,0 days 04:59:36,506,38,506,38,BetOutcome.WIN
Noita Soler TI 13-37,2025-12-12 07:36:33,0 days 00:27:02,65,203,203,65,BetOutcome.LOSS
Noita Soler TI 18-27,2025-12-12 09:24:18,0 days 00:17:30,65,216,216,65,BetOutcome.LOSS
Noita Nightmare Mode,2025-12-12 09:47:35,0 days 02:28:29,253,39,253,39,BetOutcome.WIN
Noita Power Hour 7 wins Or More,2025-12-12 12:22:22,0 days 01:12:36,143,86,143,86,BetOutcome.WIN
Noita Rare Shift Daily Run,2025-12-13 07:12:25,0 days 06:11:04,429,33,429,33,BetOutcome.WIN
Noita Soler TI 15-22 2 Attempts,2025-12-14 10:33:14,0 days 00:13:18,54,233,233,54,BetOutcome.LOSS
Noita Random Start Location Run,2025-12-14 11:12:18,0 days 00:21:29,139,113,113,139,BetOutcome.LOSS
Noita Random Starting Location Run 2 Attempts,2025-12-14 12:00:35,0 days 00:14:35,143,97,97,143,BetOutcome.LOSS
Noita 11 Orb No Kolmi Kill Daily Run,2025-12-14 13:30:36,0 days 02:43:53,386,32,386,32,BetOutcome.WIN
Enter The Gungeon Rat Boss 2 Phases,2025-12-18 08:45:56,0 days 00:13:16,64,53,64,53,BetOutcome.WIN
Enter The Gungeon KILL Rat Boss,2025-12-18 11:34:03,0 days 00:06:59,50,59,59,50,BetOutcome.LOSS
Enter The Gungeon Kill Rat Boss,2025-12-18 13:36:08,0 days 00:05:14,52,84,84,52,BetOutcome.LOSS
Noita Multiple Wins In 1 Run,2025-12-19 09:08:27,0 days 05:34:02,528,32,528,32,BetOutcome.WIN
Noita Soler TI 18-27,2025-12-21 10:42:48,0 days 00:45:04,74,289,289,74,BetOutcome.LOSS
Noita Random Biome Start Journey Run,2025-12-21 13:03:23,0 days 00:09:19,146,80,80,146,BetOutcome.LOSS
Noita Random Biome Start Journey Run #2,2025-12-21 13:17:10,0 days 00:03:57,102,89,89,102,BetOutcome.LOSS
Noita Random Biome Start Journey Run #3 Two Attempts,2025-12-21 13:22:27,0 days 00:08:08,108,63,63,108,BetOutcome.LOSS
Noita Random Biome Start Journey Run #5 2 Attempts,2025-12-21 13:41:19,0 days 01:01:50,116,85,116,85,BetOutcome.WIN
Noita Random Biome Start Journey Run #6 Two Attempts,2025-12-21 14:46:59,0 days 00:28:58,140,104,104,140,BetOutcome.LOSS
Noita Soler TI 18-27,2025-12-21 15:38:31,0 days 00:09:07,81,187,187,81,BetOutcome.LOSS
